PAYMENT_ID,PAYMENT_Mode,PAYMENT_Sub_Total,PAYMENT_Status,Total_with_tax,BOOKING_Time,BOOKING_ID
paymentsuccess400001,Debit,40,Success,87.2,12/2/20 12:00,30000
paymentsuccess400002,Credit,60,Success,130.8,12/2/20 12:00,30001
paymentsuccess400003,Wallet,80,Success,174.4,12/2/20 12:00,30002
paymentsuccess400004,Net Banking,40,Success,87.2,12/2/20 12:00,30003
paymentsuccess400005,Debit,60,Success,130.8,12/2/20 12:00,30004
paymentsuccess400006,Credit,80,Success,174.4,12/2/20 12:00,30005
paymentsuccess400007,Wallet,40,Success,87.2,12/2/20 12:00,30006
paymentsuccess400008,Net Banking,60,Success,130.8,12/2/20 12:00,30007
paymentsuccess400009,Debit,80,Success,174.4,12/2/20 23:00,30008
paymentsuccess400010,Credit,100,Success,218,12/2/20 23:00,30009
paymentsuccess400011,Wallet,120,Success,261.6,12/2/20 23:00,30010
paymentsuccess400012,Net Banking,140,Success,305.2,12/2/20 23:00,30011
paymentsuccess400013,Net Banking,100,Success,218,12/2/20 23:00,30012
paymentsuccess400014,Net Banking,120,Success,261.6,12/2/20 23:00,30013
paymentsuccess400015,Net Banking,140,Success,305.2,12/2/20 23:00,30014
paymentsuccess400016,Wallet,40,Success,87.2,12/2/20 23:00,30015